,location,par1,par2,dist
0,Ethiopia,16.771792032805386,2.419149200119716,lognormal
